{
    "loss": 0.539355456829071,
    "accuracy": 0.8362069129943848
}