{
    "loss": 0.20887872576713562,
    "accuracy": 0.9482758641242981
}